SiteSurveyID,SiteZone,SiteHabitat
2025.1.ANU.1020.R,Reef Ridge Complex,RGDP_LR
2025.1.ANU.1021.R,Reef Ridge Complex,DPRC_LR
2025.1.ANU.1022.R,Reef Ridge Complex,RGDP_LR
2025.1.ANU.1023.R,Reef Ridge Complex,RGDP_LR
2025.1.ANU.1025.R,Reef Ridge Complex,DPRC_LR
2025.1.ANU.1026.R,Reef Ridge Complex,DPRC_LR
2025.1.ANU.1027.R,Reef Ridge Complex,DPRC_LR
2025.1.ANU.1051.R,Outer Reef,LIRO_HR
2025.1.ANU.1052.R,Outer Reef,LIRO_HR
2025.1.ANU.1053.R,Outer Reef,LIRO_HR
2025.1.ANU.1054.R,Outer Reef,LIRO_HR
2025.1.ANU.1055.R,Outer Reef,LIRO_HR
2025.1.ANU.1056.R,Outer Reef,LIRO_HR
2025.1.ANU.1057.R,Outer Reef,LIRO_LR
2025.1.ANU.1059.R,Outer Reef,SPGR_HR
2025.1.ANU.1060.R,Undetermined,PTSH_LR
2025.1.ANU.1061.R,Outer Reef,LIRO_HR
2025.1.ANU.1062.R,Outer Reef,LIRO_HR
2025.1.ANU.1063.R,Outer Reef,SPGR_HR
2025.1.ANU.1064.R,Outer Reef,LIRO_HR
2025.1.ANU.1065.R,Outer Reef,SPGR_HR
2025.1.ANU.1066.R,Outer Reef,LIRO_HR
2025.1.ANU.1068.R,Inshore,RGSH_LR
2025.1.ANU.1069.R,Inshore,RGSH_LR
2025.1.ANU.1070.R,Inshore,CPSH_LR
2025.1.ANU.1071.R,Middle Reef,LIRM_HR
2025.1.ANU.1072.R,Inshore,RGSH_LR
2025.1.ANU.1073.R,Inshore,RGSH_LR
2025.1.ANU.1074.R,Inshore,RGSH_LR
2025.1.ANU.1075.R,Inshore,RGSH_LR
2025.1.ANU.1076.R,Middle Reef,LIRM_HR
2025.1.ANU.1077.R,Inshore,RGSH_LR
2025.1.ANU.1078.R,Inshore,RGSH_LR
2025.1.ANU.1079.R,Inshore,RGSH_LR
2025.1.ANU.1080.R,Inshore,CPSH_LR
2025.1.ANU.1081.R,Inshore,RGSH_LR
2025.1.ANU.1082.R,Inner Reef,LIRI_HR
2025.1.ANU.1083.R,Inshore,RGSH_LR
2025.1.ANU.1084.R,Inshore,RGSH_LR
2025.1.ANU.1085.R,Middle Reef,LIRM_HR
2025.1.ANU.1086.R,Outer Reef,LIRO_HR
2025.1.ANU.1087.R,Inshore,RGSH_LR
2025.1.ANU.1088.R,Outer Reef,CPDP_HR
2025.1.ANU.1089.R,Inner Reef,LIRI_LR
2025.1.ANU.1090.R,Inshore,RGSH_LR
2025.1.ANU.1091.R,Middle Reef,LIRM_LR
2025.1.ANU.1092.R,Inshore,RGSH_LR
2025.1.ANU.1093.R,Inshore,CPSH_LR
2025.1.ANU.1094.R,Inshore,RGSH_HR
2025.1.ANU.1095.R,Inner Reef,LIRI_HR
2025.1.ANU.1096.R,Inshore,CPSH_LR
2025.1.ANU.1097.R,Inshore,RGSH_LR
2025.1.ANU.1098.R,Inshore,RGSH_LR
2025.1.ANU.1099.R,Inshore,CPSH_LR
2025.1.ANU.1100.R,Inner Reef,LIRI_HR
2025.1.ANU.1101.R,Inner Reef,LIRI_HR
2025.1.ANU.1102.R,Middle Reef,LIRM_LR
2025.1.ANU.1103.R,Middle Reef,LIRM_LR
2025.1.ANU.1104.R,Inshore,CPSH_LR
2025.1.ANU.1105.R,Outer Reef,LIRO_HR
2025.1.ANU.1106.R,Inshore,CPSH_LR
2025.1.ANU.1107.R,Inshore,CPSH_LR
2025.1.ANU.1108.R,Inshore,CPSH_LR
2025.1.ANU.1109.R,Inshore,CPSH_LR
2025.1.ANU.1110.R,Inshore,CPSH_LR
2025.1.ANU.1116.R,Inshore,CPSH_LR
2025.1.ANU.1117.R,Inshore,RGSH_LR
2025.1.ANU.1119.R,Inshore,CPSH_LR
2025.1.ANU.1120.R,Inner Reef,LIRI_LR
2025.1.ANU.1121.R,Inshore,CPSH_LR
2025.1.ANU.1122.R,Inshore,RGSH_LR
2025.1.ANU.1123.R,Inshore,RGSH_HR
2025.1.ANU.1124.R,Inshore,CPSH_LR
2025.1.ANU.1125.R,Inshore,CPSH_LR
2025.1.ANU.1126.R,Inshore,CPSH_LR
2025.1.ANU.1127.R,Inshore,CPSH_LR
2025.1.ANU.1128.R,Inshore,CPSH_LR
2025.1.ANU.1129.R,Inshore,CPSH_LR
2025.1.ANU.1130.R,Outer Reef,CPDP_LR
2025.1.ANU.1131.R,Inshore,CPSH_LR
2025.1.ANU.1132.R,Inshore,CPSH_LR
2025.1.ANU.1133.R,Inshore,CPSH_LR
2025.1.ANU.1134.R,Middle Reef,LIRM_LR
2025.1.ANU.1135.R,Inshore,RGSH_LR
2025.1.ANU.1136.R,Middle Reef,LIRM_HR
2025.1.ANU.1138.R,Inner Reef,LIRI_LR
2025.1.ANU.1139.R,Inshore,CPSH_LR
2025.1.ANU.1140.R,Inshore,CPSH_LR
2025.1.ANU.1141.R,Inshore,RGSH_LR
2025.1.ANU.1142.R,Inner Reef,LIRI_HR
2025.1.ANU.1143.R,Middle Reef,LIRM_LR
2025.1.ANU.1144.R,Middle Reef,LIRM_LR
2025.1.ANU.1145.R,Inshore,RGSH_LR
2025.1.ANU.1146.R,Inshore,RGSH_LR
2025.1.ANU.1147.R,Outer Reef,SPGR_HR
2025.1.ANU.1148.R,Inshore,RGSH_LR
2025.1.ANU.1149.R,Inshore,RGSH_LR
2025.1.ANU.1150.R,Outer Reef,LIRO_HR
2025.1.ANU.1151.R,Inner Reef,LIRI_LR
2025.1.ANU.1152.R,Inshore,CPSH_LR
2025.1.ANU.1153.R,Inshore,CPSH_LR
2025.1.ANU.1154.R,Inshore,CPSH_LR
2025.1.ANU.1155.R,Middle Reef,LIRM_LR
2025.1.ANU.1156.R,Inshore,CPSH_LR
2025.1.ANU.1157.R,Inshore,RGSH_LR
2025.1.ANU.1158.R,Inner Reef,LIRI_LR
2025.1.ANU.1159.R,Inshore,RGSH_LR
2025.1.ANU.1160.R,Outer Reef,SPGR_HR
2025.1.ANU.1161.R,Inshore,RGSH_LR
2025.1.ANU.1162.R,Inshore,RGSH_LR
2025.1.ANU.1163.R,Inshore,RGSH_LR
2025.1.ANU.1164.R,Middle Reef,LIRM_HR
2025.1.ANU.1165.R,Inshore,RGSH_LR
2025.1.ANU.1166.R,Inshore,RGSH_LR
2025.1.ANU.1167.R,Inshore,RGSH_LR
2025.1.ANU.1168.R,Inshore,RGSH_LR
2025.1.ANU.1169.R,Inner Reef,LIRI_HR
2025.1.ANU.1170.R,Inshore,RGSH_LR
2025.1.ANU.1171.R,Inshore,RGSH_LR
2025.1.ANU.1172.R,Inshore,CPSH_LR
2025.1.ANU.1173.R,Inshore,RGSH_LR
2025.1.ANU.1174.R,Inshore,CPSH_LR
2025.1.ANU.1175.R,Inshore,RGSH_LR
2025.1.ANU.1176.R,Inshore,RGSH_LR
2025.1.ANU.1177.R,Inshore,RGSH_LR
2025.1.ANU.1178.R,Inshore,RGSH_LR
2025.1.ANU.1179.R,Inshore,RGSH_LR
2025.1.ANU.1180.R,Inshore,CPSH_LR
2025.1.ANU.1181.R,Middle Reef,LIRM_LR
2025.1.ANU.1182.R,Inshore,RGSH_LR
2025.1.ANU.1183.R,Inshore,CPSH_LR
2025.1.ANU.1184.R,Outer Reef,LIRO_LR
2025.1.ANU.1185.R,Middle Reef,LIRM_LR
2025.1.ANU.1186.R,Forereef,ISOL_MR
2025.1.ANU.1187.R,Forereef,ISOL_MR
2025.1.ANU.1188.R,Forereef,SPGR_LR
2025.1.ANU.1189.R,Forereef,SPGR_LR
2025.1.ANU.1190.R,Forereef,CONT_LR
2025.1.ANU.1191.R,Inshore,ISOL_MR
2025.1.ANU.1192.R,Inshore,ISOL_MR
2025.1.ANU.1193.R,Inshore,ISOL_MR
2025.1.ANU.1194.R,Forereef,CONT_LR
2025.1.ANU.1195.R,Offshore Patch Reef,ISOL_MR
2025.1.ANU.1196.R,Mid Channel,ISOL_MR
2025.1.ANU.1197.R,Forereef,CONT_LR
2025.1.ANU.1198.R,Forereef,ISOL_LR
2025.1.ANU.1199.R,Offshore Patch Reef,ISOL_MR
2025.1.ANU.1200.R,Forereef,SPGR_LR
2025.1.ANU.1201.R,Offshore Patch Reef,ISOL_MR
2025.1.ANU.1202.R,Forereef,CONT_LR
2025.1.ANU.1203.R,Forereef,CONT_LR
2025.1.ANU.1204.R,Forereef,SPGR_LR
2025.1.ANU.1205.R,Mid Channel,ISOL_MR
2025.1.ANU.1206.R,Offshore Patch Reef,ISOL_MR
2025.1.ANU.1207.R,Forereef,SPGR_LR
2025.1.ANU.1208.R,Mid Channel,ISOL_MR
2025.1.ANU.1209.R,Forereef,CONT_LR
2025.1.ANU.1210.R,Mid Channel,ISOL_MR
2025.1.ANU.1211.R,Mid Channel,ISOL_MR
2025.1.ANU.1212.R,Mid Channel,ISOL_MR
2025.1.ANU.1214.R,Mid Channel,ISOL_MR
2025.1.ANU.1224.R,Mid Channel,ISOL_MR
2025.1.ANU.1225.R,Inshore,ISOL_MR
2025.1.ANU.1226.R,Mid Channel,ISOL_MR
2025.1.ANU.1227.R,Mid Channel,ISOL_MR
2025.1.ANU.1228.R,Forereef,SPGR_LR
2025.1.ANU.1229.R,Mid Channel,ISOL_MR
2025.1.ANU.1230.R,Mid Channel,ISOL_MR
2025.1.ANU.1231.R,Forereef,CONT_LR
2025.1.ANU.1232.R,Mid Channel,ISOL_MR
2025.1.ANU.1233.R,Mid Channel,ISOL_MR
2025.1.ANU.1234.R,Mid Channel,ISOL_MR
2025.1.ANU.1235.R,Mid Channel,ISOL_MR
2025.1.ANU.1236.R,Mid Channel,ISOL_MR
2025.1.ANU.1237.R,Mid Channel,ISOL_MR
2025.1.ANU.1238.R,Mid Channel,ISOL_MR
2025.1.ANU.1239.R,Inshore,ISOL_MR
2025.1.ANU.1240.R,Mid Channel,ISOL_MR
2025.1.ANU.1241.R,Inshore,ISOL_MR
2025.1.ANU.1242.R,Mid Channel,ISOL_MR
2025.1.ANU.1243.R,Mid Channel,ISOL_MR
2025.1.ANU.1244.R,Mid Channel,ISOL_MR
2025.1.ANU.1245.R,Forereef,SPGR_LR
2025.1.ANU.1246.R,Offshore Patch Reef,ISOL_MR
2025.1.ANU.1247.R,Mid Channel,ISOL_MR
2025.1.ANU.1248.R,Offshore Patch Reef,ISOL_MR
2025.1.ANU.1249.R,Mid Channel,ISOL_MR
2025.1.ANU.1250.R,Mid Channel,ISOL_MR
2025.1.ANU.1251.R,Forereef,SPGR_LR
2025.1.ANU.1252.R,Forereef,CONT_LR
2025.1.ANU.1253.R,Mid Channel,ISOL_MR
2025.1.ANU.1254.R,Mid Channel,ISOL_MR
2025.1.ANU.1255.R,Offshore Patch Reef,ISOL_MR
2025.1.ANU.1256.R,Mid Channel,ISOL_MR
2025.1.ANU.1257.R,Mid Channel,ISOL_MR
2025.1.ANU.1258.R,Forereef,SPGR_LR
2025.1.ANU.1259.R,Forereef,SPGR_LR
2025.1.ANU.1260.R,Forereef,SPGR_LR
2025.1.ANU.1261.R,Forereef,SPGR_LR
2025.1.ANU.1262.R,Offshore Patch Reef,ISOL_MR
2025.1.ANU.1263.R,Forereef,CONT_LR
2025.1.ANU.1264.R,Offshore Patch Reef,ISOL_MR
2025.1.ANU.1265.R,Forereef,SPGR_LR
2025.1.ANU.1266.R,Forereef,CONT_LR
2025.1.ANU.1267.R,Forereef,SPGR_LR
2025.1.ANU.1268.R,Mid Channel,ISOL_MR
2025.1.ANU.1269.R,Offshore Patch Reef,ISOL_MR
2025.1.ANU.1270.R,Forereef,CONT_LR
2025.1.ANU.1271.R,Forereef,SPGR_HR
2025.1.ANU.1273.R,Forereef,CONT_LR
2025.1.ANU.1274.R,Forereef,ISOL_LR
2025.1.ANU.1275.R,Mid Channel,ISOL_MR
2025.1.ANU.1277.R,Mid Channel,ISOL_MR
2025.1.ANU.1278.R,Inshore,ISOL_MR
2025.1.ANU.1292.R,Offshore Patch Reef,ISOL_MR
2025.1.ANU.1293.R,Offshore Patch Reef,ISOL_MR
2025.1.ANU.1297.R,Offshore Patch Reef,ISOL_MR
2025.1.ANU.1301.R,Mid Channel,ISOL_MR
2025.1.ANU.1306.R,Forereef,CONT_LR
2025.1.ANU.1310.R,Forereef,CONT_LR
2025.1.ANU.1311.R,Offshore Patch Reef,ISOL_MR
2025.1.ANU.1312.R,Forereef,SPGR_LR
2025.1.ANU.1313.R,Forereef,CONT_LR
2025.1.ANU.1316.R,Forereef,CONT_LR
2025.1.ANU.1317.R,Mid Channel,ISOL_MR
2025.1.ANU.1319.R,Forereef,CONT_LR
2025.1.ANU.1320.R,Forereef,ISOL_LR
2025.1.ANU.1321.R,Forereef,CONT_LR
2025.1.ANU.1322.R,Forereef,SPGR_LR
2025.1.ANU.1323.R,Forereef,CONT_LR
2025.1.ANU.1324.R,Offshore Patch Reef,ISOL_MR
2025.1.ANU.1325.R,Mid Channel,ISOL_MR
2025.1.ANU.1326.R,Mid Channel,ISOL_MR
2025.1.ANU.1327.R,Mid Channel,ISOL_MR
2025.1.ANU.1328.R,Mid Channel,ISOL_MR
2025.1.ANU.1329.R,Forereef,ISOL_LR
2025.1.ANU.1330.R,Mid Channel,ISOL_MR
2025.1.ANU.1331.R,Mid Channel,ISOL_MR
2025.1.ANU.1332.R,Offshore Patch Reef,ISOL_MR
2025.1.ANU.1333.R,Mid Channel,ISOL_MR
2025.1.ANU.1334.R,Offshore Patch Reef,ISOL_MR
2025.1.ANU.1335.R,Offshore Patch Reef,ISOL_MR
2025.1.ANU.1336.R,Offshore Patch Reef,ISOL_MR
2025.1.ANU.1337.R,Forereef,SPGR_LR
2025.1.ANU.1338.R,Forereef,ISOL_LR
2025.1.ANU.1339.R,Forereef,SPGR_LR
2025.1.ANU.1340.R,Mid Channel,ISOL_MR
2025.1.ANU.1341.R,Forereef,CONT_LR
2025.1.ANU.1342.R,Forereef,CONT_LR
2025.1.ANU.1343.R,Mid Channel,ISOL_MR
2025.1.ANU.1344.R,Offshore Patch Reef,ISOL_MR
2025.1.ANU.1345.R,Forereef,SPGR_LR
2025.1.ANU.1346.R,Forereef,SPGR_LR
2025.1.ANU.1347.R,Forereef,SPGR_LR
2025.1.ANU.1348.R,Offshore Patch Reef,ISOL_MR
2025.1.ANU.1349.R,Forereef,SPGR_LR
2025.1.ANU.1350.R,Mid Channel,ISOL_MR
2025.1.ANU.1351.R,Forereef,SPGR_HR
2025.1.ANU.1352.R,Forereef,SPGR_LR
2025.1.ANU.1353.R,Forereef,CONT_LR
2025.1.ANU.1354.R,Inshore,ISOL_MR
2025.1.ANU.1355.R,Inshore,ISOL_MR
2025.1.ANU.1356.R,Forereef,SPGR_LR
2025.1.ANU.1357.R,Inshore,ISOL_MR
2025.1.ANU.1358.R,Inshore,ISOL_MR
2025.1.ANU.1359.R,Inshore,ISOL_MR
2025.1.ANU.1360.R,Inshore,ISOL_MR
2025.1.ANU.1361.R,Forereef,SPGR_LR
2025.1.ANU.1362.R,Inshore,ISOL_MR
2025.1.ANU.1363.R,Inshore,ISOL_MR
2025.1.ANU.1364.R,Forereef,SPGR_LR
2025.1.ANU.1365.R,Inshore,ISOL_MR
2025.1.ANU.1366.R,Forereef,CONT_LR
2025.1.ANU.1367.R,Inshore,ISOL_MR
2025.1.ANU.1369.R,Inshore,ISOL_MR
2025.1.ANU.1370.R,Inshore,ISOL_MR
2025.1.ANU.1371.R,Inshore,ISOL_MR
2025.1.ANU.1372.R,Inshore,ISOL_MR
2025.1.ANU.1373.R,Forereef,SPGR_LR
2025.1.ANU.1374.R,Inshore,ISOL_MR
2025.1.ANU.1376.R,Inshore,ISOL_MR
2025.1.ANU.1377.R,Inshore,ISOL_MR
2025.1.ANU.1379.R,Inshore,ISOL_MR
2025.1.ANU.1380.R,Inshore,ISOL_MR
2025.1.ANU.1381.R,Forereef,SPGR_LR
2025.1.ANU.1382.R,Inshore,ISOL_MR
2025.1.ANU.1383.R,Inshore,ISOL_MR
2025.1.ANU.1384.R,Inshore,ISOL_MR
2025.1.ANU.1385.R,Forereef,SPGR_LR
2025.1.ANU.1386.R,Inshore,ISOL_MR
2025.1.ANU.1387.R,Inshore,ISOL_MR
2025.1.ANU.1388.R,Forereef,SPGR_LR
2025.1.ANU.1389.R,Inshore,ISOL_MR
2025.1.ANU.1390.R,Inshore,ISOL_MR
2025.1.ANU.1392.R,Inshore,ISOL_MR
2025.1.ANU.1393.R,Mid Channel,ISOL_MR
2025.1.ANU.1394.R,Forereef,CONT_LR
2025.1.ANU.1395.R,Mid Channel,ISOL_MR
2025.1.ANU.1396.R,Forereef,SPGR_LR
2025.1.ANU.1397.R,Forereef,SPGR_LR
2025.1.ANU.1398.R,Mid Channel,ISOL_MR
2025.1.ANU.1399.R,Mid Channel,ISOL_MR
2025.1.ANU.1400.R,Forereef,CONT_LR
2025.1.ANU.1402.R,Mid Channel,ISOL_MR
2025.1.ANU.1403.R,Forereef,SPGR_LR
2025.1.ANU.1404.R,Forereef,CONT_LR
2025.1.ANU.1406.R,Forereef,SPGR_LR
2025.1.ANU.1407.R,Offshore Patch Reef,ISOL_MR
2025.1.ANU.1410.R,Forereef,SPGR_LR
2025.1.ANU.1411.R,Forereef,SPGR_LR
2025.1.ANU.1412.R,Forereef,SPGR_LR
2025.1.ANU.1413.R,Forereef,CONT_LR
2025.1.ANU.1414.R,Forereef,SPGR_LR
2025.1.ANU.1415.R,Forereef,SPGR_LR
2025.1.ANU.1416.R,Forereef,SPGR_LR
2025.1.ANU.1417.R,Forereef,SPGR_LR
2025.1.ANU.1418.R,Inshore,ISOL_MR
2025.1.ANU.1419.R,Inshore,ISOL_MR
2025.1.ANU.1420.R,Mid Channel,ISOL_MR
2025.1.ANU.1421.R,Forereef,SPGR_LR
2025.1.ANU.1422.R,Forereef,CONT_LR
2025.1.ANU.1423.R,Inshore,ISOL_MR
2025.1.ANU.1424.R,Forereef,CONT_LR
2025.1.ANU.1425.R,Offshore Patch Reef,ISOL_MR
2025.1.ANU.1426.R,Forereef,CONT_LR
2025.1.ANU.1427.R,Mid Channel,ISOL_MR
2025.1.ANU.1428.R,Mid Channel,ISOL_MR
2025.1.ANU.1429.R,Offshore Patch Reef,ISOL_MR
2025.1.ANU.1430.R,Forereef,CONT_LR
2025.1.ANU.1431.R,Forereef,SPGR_LR
2025.1.ANU.1432.R,Forereef,SPGR_LR
2025.1.ANU.1433.R,Forereef,SPGR_LR
2025.1.ANU.1434.R,Inshore,ISOL_MR
2025.1.ANU.1435.R,Inshore,ISOL_MR
2025.1.ANU.1436.R,Inshore,ISOL_MR
2025.1.ANU.1437.R,Forereef,CONT_LR
2025.1.ANU.1439.R,Inshore,ISOL_MR
2025.1.ANU.1440.R,Inshore,ISOL_MR
2025.1.ANU.1441.R,Forereef,CONT_LR
2025.1.ANU.1442.R,Mid Channel,ISOL_MR
2025.1.ANU.1443.R,Mid Channel,ISOL_MR
2025.1.ANU.1444.R,Mid Channel,ISOL_MR
2025.1.ANU.1446.R,Mid Channel,ISOL_MR
2025.1.ANU.1449.R,Forereef,SPGR_LR
2025.1.ANU.1450.R,Forereef,SPGR_LR
2025.1.ANU.1451.R,Forereef,SPGR_LR
2025.1.ANU.1452.R,Forereef,SPGR_LR
2025.1.ANU.1453.R,Inshore,ISOL_MR
2025.1.ANU.1454.R,Inshore,ISOL_MR
2025.1.ANU.1455.R,Inshore,ISOL_MR
2025.1.ANU.1456.R,Inshore,ISOL_MR
2025.1.ANU.1457.R,Inshore,ISOL_MR
2025.1.ANU.1458.R,Inshore,ISOL_MR
2025.1.ANU.1460.R,Inshore,ISOL_MR
2025.1.ANU.1461.R,Forereef,SPGR_LR
2025.1.ANU.1462.R,Mid Channel,ISOL_MR
2025.1.ANU.1463.R,Forereef,SPGR_LR
2025.1.ANU.1466.R,Mid Channel,ISOL_MR
2025.1.ANU.1467.R,Forereef,SPGR_LR
2025.1.ANU.1468.R,Forereef,CONT_LR
2025.1.ANU.1469.R,Mid Channel,ISOL_MR
2025.1.ANU.1475.R,Forereef,CONT_LR
2025.1.ANU.1478.R,Forereef,CONT_LR
2025.1.ANU.1479.R,Inshore,ISOL_MR
2025.1.ANU.1480.R,Inshore,ISOL_MR
2025.1.ANU.1481.R,Inshore,ISOL_MR
2025.1.ANU.1482.R,Inshore,ISOL_MR
2025.1.ANU.1483.R,Inshore,ISOL_MR
2025.1.ANU.1484.R,Inshore,ISOL_MR
2025.1.ANU.1487.R,Inshore,ISOL_MR
2025.1.ANU.1505.R,Inshore,ISOL_MR
2025.1.ANU.1511.R,Mid Channel,ISOL_MR
2025.1.ANU.1516.R,Inshore,ISOL_MR
2025.1.ANU.1517.R,Mid Channel,ISOL_MR
2025.1.ANU.1518.R,Inshore,ISOL_MR
2025.1.ANU.1519.R,Mid Channel,ISOL_MR
2025.1.ANU.1521.R,Mid Channel,ISOL_MR
2025.1.ANU.1523.R,Mid Channel,ISOL_MR
2025.1.ANU.1524.R,Inshore,ISOL_MR
2025.1.ANU.1526.R,Inshore,ISOL_MR
2025.1.ANU.1527.R,Inshore,ISOL_MR
2025.1.ANU.1528.R,Mid Channel,ISOL_MR
2025.1.ANU.1530.R,Mid Channel,ISOL_MR
2025.1.ANU.1532.R,Mid Channel,ISOL_MR
2025.1.ANU.1534.R,Mid Channel,ISOL_MR
2025.1.ANU.1535.R,Forereef,CONT_LR
2025.1.ANU.1536.R,Mid Channel,ISOL_MR
2025.1.ANU.1537.R,Forereef,CONT_LR
2025.1.ANU.1538.R,Forereef,SPGR_LR
2025.1.ANU.1539.R,Mid Channel,ISOL_MR
2025.1.ANU.1541.R,Mid Channel,ISOL_MR
2025.1.ANU.1542.R,Forereef,CONT_LR
2025.1.ANU.1543.R,Forereef,SPGR_LR
2025.1.ANU.1545.R,Forereef,SPGR_LR
2025.1.ANU.1546.R,Offshore Patch Reef,ISOL_MR
2025.1.ANU.1548.R,Forereef,SPGR_LR
2025.1.ANU.1549.R,Offshore Patch Reef,ISOL_MR
2025.1.ANU.1550.R,Forereef,SPGR_LR
2025.1.ANU.1551.R,Forereef,SPGR_HR
2025.1.ANU.1552.R,Forereef,SPGR_LR
2025.1.ANU.1553.R,Forereef,CONT_LR
2025.1.ANU.1556.R,Forereef,SPGR_LR
2025.1.ANU.1562.R,Bank,CONT_LR
2025.1.ANU.1563.R,Bank,CONT_LR
2025.1.ANU.1564.R,Bank,CONT_LR
2025.1.ANU.1565.R,Bank,CONT_LR
2025.1.ANU.1566.R,Bank,CONT_MR
2025.1.ANU.1567.R,Bank,CONT_MR
2025.1.ANU.1568.R,Bank,CONT_LR
2025.1.ANU.1569.R,Bank,CONT_LR
2025.1.ANU.1570.R,Bank,CONT_LR
2025.1.ANU.1571.R,Bank,CONT_LR
2025.1.ANU.1573.R,Bank,CONT_LR
2025.1.ANU.1574.R,Bank,CONT_LR
2025.1.ANU.1575.R,Bank,CONT_LR
2025.1.ANU.1579.R,Forereef,ISOL_LR
2025.1.ANU.1585.R,Forereef,SPGR_HR
2025.1.ANU.1586.R,Forereef,CONT_LR
2025.1.ANU.1587.R,Forereef,SPGR_LR
2025.1.ANU.1588.R,Forereef,SPGR_LR
2025.1.ANU.1589.R,Forereef,CONT_LR
2025.1.ANU.1590.R,Forereef,CONT_LR
2025.1.ANU.1594.R,Forereef,SPGR_LR
2025.1.ANU.1597.R,Forereef,CONT_MR
2025.1.ANU.1598.R,Forereef,CONT_MR
2025.1.ANU.1601.R,Forereef,CONT_LR
2025.1.ANU.1602.R,Forereef,CONT_LR
2025.1.ANU.1603.R,Forereef,SPGR_LR
2025.1.ANU.1604.R,Lagoon,RUBB_LR
2025.1.ANU.1605.R,Lagoon,CONT_LR
2025.1.ANU.1606.R,Forereef,SPGR_HR
2025.1.ANU.1607.R,Forereef,SPGR_LR
2025.1.ANU.1611.R,Forereef,CONT_LR
2025.1.ANU.1612.R,Forereef,CONT_LR
2025.1.ANU.1613.R,Forereef,CONT_LR
2025.1.ANU.1614.R,Forereef,CONT_LR
2025.1.ANU.1615.R,Forereef,CONT_LR
2025.1.ANU.1616.R,Lagoon,CONT_LR
2025.1.ANU.1617.R,Lagoon,CONT_LR
2025.1.ANU.1618.R,Lagoon,CONT_LR
2025.1.ANU.1626.R,Forereef,ISOL_MR
2025.1.ANU.1634.R,Forereef,ISOL_HR
2025.1.ANU.1635.R,Lagoon,CONT_LR
2025.1.ANU.1639.R,Forereef,ISOL_MR
2025.1.ANU.1640.R,Forereef,CONT_LR
2025.1.ANU.1641.R,Forereef,CONT_LR
2025.1.ANU.1642.R,Forereef,CONT_LR
2025.1.ANU.1643.R,Forereef,CONT_LR
2025.1.ANU.1644.R,Forereef,CONT_LR
2025.1.ANU.1645.R,Forereef,CONT_LR
2025.1.ANU.1646.R,Forereef,CONT_LR
2025.1.ANU.1647.R,Forereef,CONT_LR
2025.1.ANU.1648.R,Forereef,CONT_LR
2025.1.ANU.1649.R,Forereef,SPGR_LR
2025.1.ANU.1650.R,Forereef,CONT_LR
2025.1.ANU.1651.R,Forereef,CONT_LR
2025.1.ANU.1652.R,Forereef,CONT_LR
2025.1.ANU.1653.R,Forereef,CONT_LR
2025.1.ANU.1655.R,Forereef,CONT_LR
2025.1.ANU.1656.R,Forereef,CONT_LR
2025.1.ANU.1657.R,Forereef,CONT_LR
2025.1.ANU.1658.R,Forereef,CONT_LR
2025.1.ANU.1659.R,Forereef,CONT_LR
2025.1.ANU.1660.R,Forereef,SPGR_LR
2025.1.ANU.1661.R,Forereef,CONT_LR
2025.1.ANU.1662.R,Forereef,CONT_LR
2025.1.ANU.1663.R,Forereef,CONT_LR
2025.1.ANU.2020.R,Reef Ridge Complex,RGDP_HR
2025.1.ANU.2021.R,Reef Ridge Complex,RGDP_LR
2025.1.ANU.2022.R,Reef Ridge Complex,RGDP_LR
2025.1.ANU.2023.R,Reef Ridge Complex,RGDP_LR
2025.1.ANU.2024.R,Reef Ridge Complex,RGDP_LR
2025.1.ANU.2025.R,Reef Ridge Complex,DPRC_LR
2025.1.ANU.2026.R,Reef Ridge Complex,DPRC_LR
2025.1.ANU.2027.R,Reef Ridge Complex,DPRC_LR
2025.1.ANU.2065.R,Outer Reef,LIRO_HR
2025.1.ANU.2072.R,Inshore,RGSH_LR
2025.1.ANU.2121.R,Inshore,CPSH_LR
2025.1.ANU.2150.R,Inshore,CPSH_LR
2025.1.ANU.2156.R,Inshore,CPSH_LR
2025.1.ANU.2190.R,Offshore Patch Reef,ISOL_MR
2025.1.ANU.2191.R,Forereef,ISOL_MR
2025.1.ANU.2263.R,Forereef,CONT_LR
2025.1.ANU.2265.R,Forereef,CONT_LR
2025.1.ANU.2266.R,Forereef,SPGR_LR
2025.1.ANU.2271.R,Mid Channel,ISOL_MR
2025.1.ANU.2309.R,Mid Channel,ISOL_MR
2025.1.ANU.2310.R,Forereef,CONT_LR
2025.1.ANU.2313.R,Offshore Patch Reef,ISOL_MR
2025.1.ANU.2314.R,Mid Channel,ISOL_MR
2025.1.ANU.2319.R,Forereef,CONT_LR
2025.1.ANU.2320.R,Forereef,SPGR_LR
2025.1.ANU.2321.R,Mid Channel,ISOL_MR
2025.1.ANU.2342.R,Mid Channel,ISOL_MR
2025.1.ANU.2344.R,Offshore Patch Reef,ISOL_MR
2025.1.ANU.2356.R,Inshore,ISOL_MR
2025.1.ANU.2358.R,Inshore,ISOL_MR
2025.1.ANU.2359.R,Forereef,SPGR_LR
2025.1.ANU.2361.R,Inshore,ISOL_MR
2025.1.ANU.2362.R,Inshore,ISOL_MR
2025.1.ANU.2363.R,Inshore,ISOL_MR
2025.1.ANU.2364.R,Inshore,ISOL_MR
2025.1.ANU.2365.R,Inshore,ISOL_MR
2025.1.ANU.2366.R,Inshore,ISOL_MR
2025.1.ANU.2367.R,Inshore,ISOL_MR
2025.1.ANU.2368.R,Inshore,ISOL_MR
2025.1.ANU.2369.R,Inshore,ISOL_MR
2025.1.ANU.2370.R,Inshore,ISOL_MR
2025.1.ANU.2371.R,Inshore,ISOL_MR
2025.1.ANU.2372.R,Inshore,ISOL_MR
2025.1.ANU.2373.R,Mid Channel,ISOL_MR
2025.1.ANU.2374.R,Inshore,ISOL_MR
2025.1.ANU.2375.R,Inshore,ISOL_MR
2025.1.ANU.2376.R,Inshore,ISOL_MR
2025.1.ANU.2377.R,Inshore,ISOL_MR
2025.1.ANU.2378.R,Inshore,ISOL_MR
2025.1.ANU.2379.R,Inshore,ISOL_MR
2025.1.ANU.2380.R,Inshore,ISOL_MR
2025.1.ANU.2382.R,Inshore,ISOL_MR
2025.1.ANU.2383.R,Inshore,ISOL_MR
2025.1.ANU.2384.R,Inshore,ISOL_MR
2025.1.ANU.2385.R,Mid Channel,ISOL_MR
2025.1.ANU.2387.R,Forereef,SPGR_LR
2025.1.ANU.2388.R,Forereef,CONT_LR
2025.1.ANU.2389.R,Mid Channel,ISOL_MR
2025.1.ANU.2390.R,Forereef,SPGR_LR
2025.1.ANU.2392.R,Forereef,SPGR_LR
2025.1.ANU.2393.R,Forereef,CONT_LR
2025.1.ANU.2394.R,Forereef,CONT_LR
2025.1.ANU.2396.R,Forereef,CONT_LR
2025.1.ANU.2398.R,Forereef,CONT_LR
2025.1.ANU.2416.R,Forereef,CONT_LR
2025.1.ANU.2418.R,Forereef,SPGR_LR
2025.1.ANU.2419.R,Forereef,SPGR_LR
2025.1.ANU.2426.R,Forereef,SPGR_LR
2025.1.ANU.2427.R,Mid Channel,ISOL_MR
2025.1.ANU.2428.R,Mid Channel,ISOL_MR
2025.1.ANU.2429.R,Forereef,SPGR_LR
2025.1.ANU.2430.R,Offshore Patch Reef,ISOL_MR
2025.1.ANU.2435.R,Forereef,ISOL_LR
2025.1.ANU.2436.R,Forereef,CONT_LR
2025.1.ANU.2439.R,Forereef,SPGR_LR
2025.1.ANU.2443.R,Mid Channel,ISOL_MR
2025.1.ANU.2444.R,Mid Channel,ISOL_MR
2025.1.ANU.2445.R,Forereef,SPGR_LR
2025.1.ANU.2446.R,Forereef,SPGR_LR
2025.1.ANU.2452.R,Forereef,SPGR_LR
2025.1.ANU.2454.R,Inshore,ISOL_MR
2025.1.ANU.2458.R,Forereef,SPGR_LR
2025.1.ANU.2459.R,Forereef,CONT_LR
2025.1.ANU.2460.R,Forereef,CONT_LR
2025.1.ANU.2462.R,Mid Channel,ISOL_MR
2025.1.ANU.2465.R,Mid Channel,ISOL_MR
2025.1.ANU.2467.R,Forereef,CONT_LR
2025.1.ANU.2468.R,Offshore Patch Reef,ISOL_MR
2025.1.ANU.2474.R,Forereef,SPGR_LR
2025.1.ANU.2476.R,Forereef,CONT_LR
2025.1.ANU.2480.R,Inshore,ISOL_MR
2025.1.ANU.2481.R,Inshore,ISOL_MR
2025.1.ANU.2482.R,Inshore,ISOL_MR
2025.1.ANU.2487.R,Inshore,ISOL_MR
2025.1.ANU.2488.R,Inshore,ISOL_MR
2025.1.ANU.2489.R,Forereef,SPGR_LR
2025.1.ANU.2491.R,Forereef,SPGR_LR
2025.1.ANU.2521.R,Inshore,ISOL_MR
2025.1.ANU.2528.R,Mid Channel,ISOL_MR
2025.1.ANU.2530.R,Mid Channel,ISOL_MR
2025.1.ANU.2534.R,Offshore Patch Reef,ISOL_MR
2025.1.ANU.2543.R,Mid Channel,ISOL_MR
2025.1.ANU.2544.R,Forereef,CONT_LR
2025.1.ANU.2550.R,Forereef,SPGR_LR
2025.1.ANU.2554.R,Offshore Patch Reef,ISOL_MR
2025.1.ANU.2558.R,Forereef,CONT_LR
2025.1.ANU.2575.R,Forereef,CONT_LR
2025.1.ANU.2583.R,Forereef,SPGR_LR
2025.1.ANU.2586.R,Forereef,ISOL_LR
2025.1.ANU.2588.R,Forereef,SPGR_LR
2025.1.ANU.2597.R,Lagoon,ISOL_MR
2025.1.ANU.2598.R,Lagoon,ISOL_LR
2025.1.ANU.2599.R,Lagoon,CONT_LR
2025.1.ANU.2600.R,Lagoon,ISOL_MR
2025.1.ANU.2601.R,Lagoon,CONT_LR
2025.1.ANU.2603.R,Lagoon,ISOL_MR
2025.1.ANU.2605.R,Forereef,ISOL_LR
2025.1.ANU.2609.R,Forereef,CONT_LR
2025.1.ANU.2610.R,Forereef,CONT_LR
2025.1.ANU.2611.R,Forereef,CONT_LR
2025.1.ANU.2612.R,Forereef,CONT_LR
2025.1.ANU.2614.R,Forereef,CONT_LR
2025.1.ANU.2615.R,Forereef,CONT_MR
2025.1.ANU.2616.R,Lagoon,CONT_MR
2025.1.ANU.2617.R,Lagoon,ISOL_MR
2025.1.ANU.2625.R,Lagoon,ISOL_MR
2025.1.ANU.2634.R,Lagoon,CONT_LR
2025.1.ANU.2635.R,Lagoon,ISOL_MR
2025.1.ANU.2643.R,Forereef,CONT_HR
2025.1.ANU.2644.R,Forereef,CONT_LR
2025.1.ANU.2645.R,Forereef,CONT_MR
2025.1.ANU.2646.R,Forereef,CONT_LR
2025.1.ANU.2647.R,Forereef,CONT_LR
2025.1.ANU.2648.R,Forereef,CONT_LR
2025.1.ANU.2649.R,Forereef,CONT_LR
2025.1.ANU.2651.R,Forereef,CONT_LR
2025.1.ANU.2652.R,Forereef,CONT_LR
2025.1.ANU.2653.R,Forereef,CONT_LR
2025.1.ANU.2654.R,Forereef,CONT_LR
2025.1.ANU.2655.R,Forereef,CONT_LR
2025.1.ANU.2656.R,Forereef,CONT_LR
2025.1.ANU.2657.R,Forereef,CONT_LR
2025.1.ANU.2658.R,Forereef,CONT_LR
2025.1.ANU.2659.R,Forereef,CONT_LR
2025.1.ANU.2660.R,Forereef,CONT_LR
2025.1.ANU.2661.R,Forereef,CONT_LR
2025.1.ANU.3002.R,Forereef,CONT_LR
2025.1.ANU.3003.R,Mid Channel,ISOL_MR
2025.1.ANU.3005.R,Offshore Patch Reef,ISOL_MR
2025.1.ANU.3007.R,Forereef,CONT_LR
2025.1.ANU.3008.R,Offshore Patch Reef,ISOL_MR
2025.1.ANU.3009.R,Forereef,SPGR_LR
2025.1.ANU.3010.R,Forereef,UNDF_UN
2025.1.ANU.3011.R,Forereef,CONT_LR
2025.1.ANU.3012.R,Forereef,SPGR_LR
2025.1.ANU.3013.R,Forereef,RUBB_LR
2025.1.ANU.3014.R,Undetermined,SAND_NA
2025.1.ANU.3015.R,Reef Ridge Complex,RGDP_HR
2025.1.ANU.3016.R,Undetermined,SAND_NA
2025.1.ANU.3017.R,Undetermined,SAND_NA
2025.1.ANU.3018.R,Undetermined,SAND_NA
2025.1.ANU.3019.R,Undetermined,SAND_NA
2025.1.ANU.3020.R,Forereef,SPGR_HR
2025.1.ANU.3021.R,Forereef,CONT_LR
2025.1.ANU.3022.R,Offshore Patch Reef,ISOL_MR
2025.1.ANU.3023.R,Offshore Patch Reef,SGRS_NA
2025.1.ANU.3024.R,Undetermined,SAND_NA
2025.1.ANU.3025.R,Undetermined,SAND_NA
2025.1.ANU.3026.R,Undetermined,SAND_NA
2025.1.ANU.3028.R,Forereef,CONT_LR
2025.1.ANU.3029.R,Forereef,SPGR_HR
2025.1.ANU.3030.R,Mid Channel,ISOL_MR
2025.1.ANU.3031.R,Mid Channel,ISOL_MR
2025.1.ANU.3032.R,Inshore,ISOL_MR
2025.1.ANU.3033.R,Mid Channel,ISOL_MR
2025.1.ANU.3034.R,Undetermined,SAND_NA
2025.1.ANU.3035.R,Undetermined,SAND_NA
2025.1.ANU.3036.R,Undetermined,SAND_NA
2025.1.ANU.3037.R,Mid Channel,ISOL_MR
2025.1.ANU.3038.R,Mid Channel,ISOL_MR
2025.1.ANU.3041.R,Forereef,CONT_LR
2025.1.ANU.3042.R,Mid Channel,ISOL_MR
2025.1.ANU.3043.R,Forereef,SPGR_HR
2025.1.ANU.3044.R,Forereef,ISOL_LR
2025.1.ANU.3045.R,Forereef,SPGR_LR
2025.1.ANU.3046.R,Forereef,SPGR_LR
2025.1.ANU.3047.R,Forereef,SPGR_LR
2025.1.ANU.3049.R,Inner Reef,LIRI_HR
2025.1.ANU.3050.R,Outer Reef,LIRO_HR
2025.1.ANU.3051.R,Outer Reef,LIRO_HR
2025.1.ANU.3052.R,Outer Reef,LIRO_HR
2025.1.ANU.3053.R,Forereef,RUBB_LR
2025.1.ANU.3054.R,Inshore,ISOL_MR
2025.1.ANU.3055.R,Undetermined,SAND_NA
2025.1.ANU.3056.R,Undetermined,SAND_NA
2025.1.ANU.3057.R,Mid Channel,ISOL_MR
2025.1.ANU.3058.R,Mid Channel,ISOL_MR
2025.1.ANU.3059.R,Inshore,ISOL_MR
2025.1.ANU.3060.R,Inshore,ISOL_MR
2025.1.ANU.3061.R,Forereef,SPGR_LR
2025.1.ANU.3062.R,Inshore,ISOL_MR
2025.1.ANU.3063.R,Forereef,CONT_LR
2025.1.ANU.3064.R,Mid Channel,ISOL_MR
2025.1.ANU.3065.R,Forereef,CONT_LR
2025.1.ANU.3066.R,Forereef,SPGR_LR
2025.1.ANU.3067.R,Forereef,SPGR_LR
2025.1.ANU.3068.R,Forereef,CONT_LR
2025.1.ANU.3069.R,Forereef,SPGR_LR
2025.1.ANU.3070.R,Forereef,SPGR_LR
2025.1.ANU.3071.R,Inner Reef,LIRI_HR
2025.1.ANU.3072.R,Inner Reef,LIRI_HR
2025.1.ANU.3073.R,Mid Channel,ISOL_MR
2025.1.ANU.3074.R,Mid Channel,ISOL_MR
2025.1.ANU.3075.R,Forereef,SPGR_LR
2025.1.ANU.3077.R,Forereef,CONT_LR
2025.1.ANU.3078.R,Forereef,CONT_LR
2025.1.ANU.3079.R,Mid Channel,ISOL_MR
2025.1.ANU.3080.R,Offshore Patch Reef,ISOL_MR
2025.1.ANU.3081.R,Offshore Patch Reef,ISOL_MR
2025.1.ANU.3082.R,Offshore Patch Reef,ISOL_MR
2025.1.ANU.3083.R,Offshore Patch Reef,ISOL_MR
2025.1.ANU.3084.R,Reef Ridge Complex,DPRC_LR
2025.1.ANU.3085.R,Reef Ridge Complex,DPRC_LR
2025.1.ANU.3086.R,Inshore,RGSH_LR
2025.1.ANU.3087.R,Mid Channel,ISOL_MR
2025.1.ANU.MQ25-109.R,Mid Channel,ISOL_MR
2025.1.ANU.MQ25-11.R,Forereef,SPGR_LR
2025.1.ANU.MQ25-15.R,Mid Channel,ISOL_MR
2025.1.ANU.MQ25-16.R,Mid Channel,ISOL_MR
2025.1.ANU.MQ25-17.R,Mid Channel,ISOL_MR
2025.1.ANU.MQ25-18.R,Mid Channel,ISOL_MR
2025.1.ANU.MQ25-2.R,Mid Channel,UCHB_LR
2025.1.ANU.MQ25-22.R,Forereef,CONT_LR
2025.1.ANU.MQ25-24.R,Forereef,CONT_LR
2025.1.ANU.MQ25-27.R,Forereef,CONT_LR
2025.1.ANU.MQ25-30.R,Mid Channel,ISOL_MR
2025.1.ANU.MQ25-31.R,Mid Channel,ISOL_MR
2025.1.ANU.MQ25-32.R,Forereef,CONT_LR
2025.1.ANU.MQ25-33.R,Mid Channel,ISOL_MR
2025.1.ANU.MQ25-36.R,Mid Channel,ISOL_MR
2025.1.ANU.MQ25-37.R,Forereef,SPGR_LR
2025.1.ANU.MQ25-39.R,Forereef,CONT_LR
2025.1.ANU.MQ25-40.R,Mid Channel,ISOL_MR
2025.1.ANU.MQ25-41.R,Forereef,SPGR_LR
2025.1.ANU.MQ25-42.R,Forereef,CONT_LR
2025.1.ANU.MQ25-43.R,Forereef,CONT_LR
2025.1.ANU.MQ25-44.R,Mid Channel,ISOL_MR
2025.1.ANU.MQ25-45.R,Offshore Patch Reef,ISOL_MR
2025.1.ANU.MQ25-47.R,Mid Channel,ISOL_MR
2025.1.ANU.MQ25-49.R,Mid Channel,ISOL_MR
2025.1.ANU.MQ25-55.R,Mid Channel,ISOL_MR
2025.1.ANU.MQ25-57.R,Mid Channel,ISOL_MR
2025.1.ANU.MQ25-6.R,Mid Channel,ISOL_MR
2025.1.ANU.MQ25-7.R,Mid Channel,ISOL_MR
2025.1.ANU.MQ25-73.R,Mid Channel,ISOL_MR
2025.1.ANU.MQ25-85.R,Mid Channel,ISOL_MR
2025.1.ANU.MQ25-89.R,Mid Channel,ISOL_MR
2025.1.ANU.MQ25-90.R,Mid Channel,ISOL_MR
